name,category,prompt,negative_prompt
none,Control,,
random,Control,,
Natural Behaviour — Clear Readable Interaction 001,Natural Behaviour,"the selected animal calmly observing its surroundings, clear readable interaction; keep the selected character and selected animal visually distinct","ambiguous action, fused subjects, impossible interaction, duplicated limbs, motion artifacts, text, watermark"
Movement — Clear Readable Interaction 002,Movement,"the selected animal walking or running with natural weight and gait, clear readable interaction; keep the selected character and selected animal visually distinct","ambiguous action, fused subjects, impossible interaction, duplicated limbs, motion artifacts, text, watermark"
Hunting — Clear Readable Interaction 003,Hunting,"the selected animal stalking or pursuing prey attentively, clear readable interaction; keep the selected character and selected animal visually distinct","ambiguous action, fused subjects, impossible interaction, duplicated limbs, motion artifacts, text, watermark"
Feeding — Clear Readable Interaction 004,Feeding,"the selected animal feeding or drinking naturally, clear readable interaction; keep the selected character and selected animal visually distinct","ambiguous action, fused subjects, impossible interaction, duplicated limbs, motion artifacts, text, watermark"
Resting — Clear Readable Interaction 005,Resting,"the selected animal resting or sleeping in a relaxed pose, clear readable interaction; keep the selected character and selected animal visually distinct","ambiguous action, fused subjects, impossible interaction, duplicated limbs, motion artifacts, text, watermark"
Playing — Clear Readable Interaction 006,Playing,"the selected animal playing energetically, clear readable interaction; keep the selected character and selected animal visually distinct","ambiguous action, fused subjects, impossible interaction, duplicated limbs, motion artifacts, text, watermark"
Migration — Clear Readable Interaction 007,Migration,"a group of the selected animals migrating together, clear readable interaction; keep the selected character and selected animal visually distinct","ambiguous action, fused subjects, impossible interaction, duplicated limbs, motion artifacts, text, watermark"
Flight — Clear Readable Interaction 008,Flight,"the selected animal taking flight or gliding through the air, clear readable interaction; keep the selected character and selected animal visually distinct","ambiguous action, fused subjects, impossible interaction, duplicated limbs, motion artifacts, text, watermark"
Swimming — Clear Readable Interaction 009,Swimming,"the selected animal swimming or diving naturally, clear readable interaction; keep the selected character and selected animal visually distinct","ambiguous action, fused subjects, impossible interaction, duplicated limbs, motion artifacts, text, watermark"
People Interaction — Clear Readable Interaction 010,People Interaction,"the selected animal interacting cautiously with a person, clear readable interaction; keep the selected character and selected animal visually distinct","ambiguous action, fused subjects, impossible interaction, duplicated limbs, motion artifacts, text, watermark"
Social Behaviour — Clear Readable Interaction 011,Social Behaviour,"the selected animal communicating with its group, clear readable interaction; keep the selected character and selected animal visually distinct","ambiguous action, fused subjects, impossible interaction, duplicated limbs, motion artifacts, text, watermark"
Courtship — Clear Readable Interaction 012,Courtship,"the selected animal performing a natural courtship display, clear readable interaction; keep the selected character and selected animal visually distinct","ambiguous action, fused subjects, impossible interaction, duplicated limbs, motion artifacts, text, watermark"
Parenting — Clear Readable Interaction 013,Parenting,"the selected animal caring for its young, clear readable interaction; keep the selected character and selected animal visually distinct","ambiguous action, fused subjects, impossible interaction, duplicated limbs, motion artifacts, text, watermark"
Territorial Display — Clear Readable Interaction 014,Territorial Display,"the selected animal performing a territorial display, clear readable interaction; keep the selected character and selected animal visually distinct","ambiguous action, fused subjects, impossible interaction, duplicated limbs, motion artifacts, text, watermark"
Foraging — Clear Readable Interaction 015,Foraging,"the selected animal foraging for food, clear readable interaction; keep the selected character and selected animal visually distinct","ambiguous action, fused subjects, impossible interaction, duplicated limbs, motion artifacts, text, watermark"
Grooming — Clear Readable Interaction 016,Grooming,"the selected animal grooming itself or another animal, clear readable interaction; keep the selected character and selected animal visually distinct","ambiguous action, fused subjects, impossible interaction, duplicated limbs, motion artifacts, text, watermark"
Natural Behaviour — Natural Body Language 017,Natural Behaviour,"the selected animal calmly observing its surroundings, natural body language; keep the selected character and selected animal visually distinct","ambiguous action, fused subjects, impossible interaction, duplicated limbs, motion artifacts, text, watermark"
Movement — Natural Body Language 018,Movement,"the selected animal walking or running with natural weight and gait, natural body language; keep the selected character and selected animal visually distinct","ambiguous action, fused subjects, impossible interaction, duplicated limbs, motion artifacts, text, watermark"
Hunting — Natural Body Language 019,Hunting,"the selected animal stalking or pursuing prey attentively, natural body language; keep the selected character and selected animal visually distinct","ambiguous action, fused subjects, impossible interaction, duplicated limbs, motion artifacts, text, watermark"
Feeding — Natural Body Language 020,Feeding,"the selected animal feeding or drinking naturally, natural body language; keep the selected character and selected animal visually distinct","ambiguous action, fused subjects, impossible interaction, duplicated limbs, motion artifacts, text, watermark"
Resting — Natural Body Language 021,Resting,"the selected animal resting or sleeping in a relaxed pose, natural body language; keep the selected character and selected animal visually distinct","ambiguous action, fused subjects, impossible interaction, duplicated limbs, motion artifacts, text, watermark"
Playing — Natural Body Language 022,Playing,"the selected animal playing energetically, natural body language; keep the selected character and selected animal visually distinct","ambiguous action, fused subjects, impossible interaction, duplicated limbs, motion artifacts, text, watermark"
Migration — Natural Body Language 023,Migration,"a group of the selected animals migrating together, natural body language; keep the selected character and selected animal visually distinct","ambiguous action, fused subjects, impossible interaction, duplicated limbs, motion artifacts, text, watermark"
Flight — Natural Body Language 024,Flight,"the selected animal taking flight or gliding through the air, natural body language; keep the selected character and selected animal visually distinct","ambiguous action, fused subjects, impossible interaction, duplicated limbs, motion artifacts, text, watermark"
Swimming — Natural Body Language 025,Swimming,"the selected animal swimming or diving naturally, natural body language; keep the selected character and selected animal visually distinct","ambiguous action, fused subjects, impossible interaction, duplicated limbs, motion artifacts, text, watermark"
People Interaction — Natural Body Language 026,People Interaction,"the selected animal interacting cautiously with a person, natural body language; keep the selected character and selected animal visually distinct","ambiguous action, fused subjects, impossible interaction, duplicated limbs, motion artifacts, text, watermark"
Social Behaviour — Natural Body Language 027,Social Behaviour,"the selected animal communicating with its group, natural body language; keep the selected character and selected animal visually distinct","ambiguous action, fused subjects, impossible interaction, duplicated limbs, motion artifacts, text, watermark"
Courtship — Natural Body Language 028,Courtship,"the selected animal performing a natural courtship display, natural body language; keep the selected character and selected animal visually distinct","ambiguous action, fused subjects, impossible interaction, duplicated limbs, motion artifacts, text, watermark"
Parenting — Natural Body Language 029,Parenting,"the selected animal caring for its young, natural body language; keep the selected character and selected animal visually distinct","ambiguous action, fused subjects, impossible interaction, duplicated limbs, motion artifacts, text, watermark"
Territorial Display — Natural Body Language 030,Territorial Display,"the selected animal performing a territorial display, natural body language; keep the selected character and selected animal visually distinct","ambiguous action, fused subjects, impossible interaction, duplicated limbs, motion artifacts, text, watermark"
Foraging — Natural Body Language 031,Foraging,"the selected animal foraging for food, natural body language; keep the selected character and selected animal visually distinct","ambiguous action, fused subjects, impossible interaction, duplicated limbs, motion artifacts, text, watermark"
Grooming — Natural Body Language 032,Grooming,"the selected animal grooming itself or another animal, natural body language; keep the selected character and selected animal visually distinct","ambiguous action, fused subjects, impossible interaction, duplicated limbs, motion artifacts, text, watermark"
Natural Behaviour — Cinematic Wide Staging 033,Natural Behaviour,"the selected animal calmly observing its surroundings, cinematic wide staging; keep the selected character and selected animal visually distinct","ambiguous action, fused subjects, impossible interaction, duplicated limbs, motion artifacts, text, watermark"
Movement — Cinematic Wide Staging 034,Movement,"the selected animal walking or running with natural weight and gait, cinematic wide staging; keep the selected character and selected animal visually distinct","ambiguous action, fused subjects, impossible interaction, duplicated limbs, motion artifacts, text, watermark"
Hunting — Cinematic Wide Staging 035,Hunting,"the selected animal stalking or pursuing prey attentively, cinematic wide staging; keep the selected character and selected animal visually distinct","ambiguous action, fused subjects, impossible interaction, duplicated limbs, motion artifacts, text, watermark"
Feeding — Cinematic Wide Staging 036,Feeding,"the selected animal feeding or drinking naturally, cinematic wide staging; keep the selected character and selected animal visually distinct","ambiguous action, fused subjects, impossible interaction, duplicated limbs, motion artifacts, text, watermark"
Resting — Cinematic Wide Staging 037,Resting,"the selected animal resting or sleeping in a relaxed pose, cinematic wide staging; keep the selected character and selected animal visually distinct","ambiguous action, fused subjects, impossible interaction, duplicated limbs, motion artifacts, text, watermark"
Playing — Cinematic Wide Staging 038,Playing,"the selected animal playing energetically, cinematic wide staging; keep the selected character and selected animal visually distinct","ambiguous action, fused subjects, impossible interaction, duplicated limbs, motion artifacts, text, watermark"
Migration — Cinematic Wide Staging 039,Migration,"a group of the selected animals migrating together, cinematic wide staging; keep the selected character and selected animal visually distinct","ambiguous action, fused subjects, impossible interaction, duplicated limbs, motion artifacts, text, watermark"
Flight — Cinematic Wide Staging 040,Flight,"the selected animal taking flight or gliding through the air, cinematic wide staging; keep the selected character and selected animal visually distinct","ambiguous action, fused subjects, impossible interaction, duplicated limbs, motion artifacts, text, watermark"
Swimming — Cinematic Wide Staging 041,Swimming,"the selected animal swimming or diving naturally, cinematic wide staging; keep the selected character and selected animal visually distinct","ambiguous action, fused subjects, impossible interaction, duplicated limbs, motion artifacts, text, watermark"
People Interaction — Cinematic Wide Staging 042,People Interaction,"the selected animal interacting cautiously with a person, cinematic wide staging; keep the selected character and selected animal visually distinct","ambiguous action, fused subjects, impossible interaction, duplicated limbs, motion artifacts, text, watermark"
Social Behaviour — Cinematic Wide Staging 043,Social Behaviour,"the selected animal communicating with its group, cinematic wide staging; keep the selected character and selected animal visually distinct","ambiguous action, fused subjects, impossible interaction, duplicated limbs, motion artifacts, text, watermark"
Courtship — Cinematic Wide Staging 044,Courtship,"the selected animal performing a natural courtship display, cinematic wide staging; keep the selected character and selected animal visually distinct","ambiguous action, fused subjects, impossible interaction, duplicated limbs, motion artifacts, text, watermark"
Parenting — Cinematic Wide Staging 045,Parenting,"the selected animal caring for its young, cinematic wide staging; keep the selected character and selected animal visually distinct","ambiguous action, fused subjects, impossible interaction, duplicated limbs, motion artifacts, text, watermark"
Territorial Display — Cinematic Wide Staging 046,Territorial Display,"the selected animal performing a territorial display, cinematic wide staging; keep the selected character and selected animal visually distinct","ambiguous action, fused subjects, impossible interaction, duplicated limbs, motion artifacts, text, watermark"
Foraging — Cinematic Wide Staging 047,Foraging,"the selected animal foraging for food, cinematic wide staging; keep the selected character and selected animal visually distinct","ambiguous action, fused subjects, impossible interaction, duplicated limbs, motion artifacts, text, watermark"
Grooming — Cinematic Wide Staging 048,Grooming,"the selected animal grooming itself or another animal, cinematic wide staging; keep the selected character and selected animal visually distinct","ambiguous action, fused subjects, impossible interaction, duplicated limbs, motion artifacts, text, watermark"
Natural Behaviour — Candid Observational Timing 049,Natural Behaviour,"the selected animal calmly observing its surroundings, candid observational timing; keep the selected character and selected animal visually distinct","ambiguous action, fused subjects, impossible interaction, duplicated limbs, motion artifacts, text, watermark"
Movement — Candid Observational Timing 050,Movement,"the selected animal walking or running with natural weight and gait, candid observational timing; keep the selected character and selected animal visually distinct","ambiguous action, fused subjects, impossible interaction, duplicated limbs, motion artifacts, text, watermark"
Hunting — Candid Observational Timing 051,Hunting,"the selected animal stalking or pursuing prey attentively, candid observational timing; keep the selected character and selected animal visually distinct","ambiguous action, fused subjects, impossible interaction, duplicated limbs, motion artifacts, text, watermark"
Feeding — Candid Observational Timing 052,Feeding,"the selected animal feeding or drinking naturally, candid observational timing; keep the selected character and selected animal visually distinct","ambiguous action, fused subjects, impossible interaction, duplicated limbs, motion artifacts, text, watermark"
Resting — Candid Observational Timing 053,Resting,"the selected animal resting or sleeping in a relaxed pose, candid observational timing; keep the selected character and selected animal visually distinct","ambiguous action, fused subjects, impossible interaction, duplicated limbs, motion artifacts, text, watermark"
Playing — Candid Observational Timing 054,Playing,"the selected animal playing energetically, candid observational timing; keep the selected character and selected animal visually distinct","ambiguous action, fused subjects, impossible interaction, duplicated limbs, motion artifacts, text, watermark"
Migration — Candid Observational Timing 055,Migration,"a group of the selected animals migrating together, candid observational timing; keep the selected character and selected animal visually distinct","ambiguous action, fused subjects, impossible interaction, duplicated limbs, motion artifacts, text, watermark"
Flight — Candid Observational Timing 056,Flight,"the selected animal taking flight or gliding through the air, candid observational timing; keep the selected character and selected animal visually distinct","ambiguous action, fused subjects, impossible interaction, duplicated limbs, motion artifacts, text, watermark"
Swimming — Candid Observational Timing 057,Swimming,"the selected animal swimming or diving naturally, candid observational timing; keep the selected character and selected animal visually distinct","ambiguous action, fused subjects, impossible interaction, duplicated limbs, motion artifacts, text, watermark"
People Interaction — Candid Observational Timing 058,People Interaction,"the selected animal interacting cautiously with a person, candid observational timing; keep the selected character and selected animal visually distinct","ambiguous action, fused subjects, impossible interaction, duplicated limbs, motion artifacts, text, watermark"
Social Behaviour — Candid Observational Timing 059,Social Behaviour,"the selected animal communicating with its group, candid observational timing; keep the selected character and selected animal visually distinct","ambiguous action, fused subjects, impossible interaction, duplicated limbs, motion artifacts, text, watermark"
Courtship — Candid Observational Timing 060,Courtship,"the selected animal performing a natural courtship display, candid observational timing; keep the selected character and selected animal visually distinct","ambiguous action, fused subjects, impossible interaction, duplicated limbs, motion artifacts, text, watermark"
Parenting — Candid Observational Timing 061,Parenting,"the selected animal caring for its young, candid observational timing; keep the selected character and selected animal visually distinct","ambiguous action, fused subjects, impossible interaction, duplicated limbs, motion artifacts, text, watermark"
Territorial Display — Candid Observational Timing 062,Territorial Display,"the selected animal performing a territorial display, candid observational timing; keep the selected character and selected animal visually distinct","ambiguous action, fused subjects, impossible interaction, duplicated limbs, motion artifacts, text, watermark"
Foraging — Candid Observational Timing 063,Foraging,"the selected animal foraging for food, candid observational timing; keep the selected character and selected animal visually distinct","ambiguous action, fused subjects, impossible interaction, duplicated limbs, motion artifacts, text, watermark"
Grooming — Candid Observational Timing 064,Grooming,"the selected animal grooming itself or another animal, candid observational timing; keep the selected character and selected animal visually distinct","ambiguous action, fused subjects, impossible interaction, duplicated limbs, motion artifacts, text, watermark"
Natural Behaviour — Balanced Spatial Composition 065,Natural Behaviour,"the selected animal calmly observing its surroundings, balanced spatial composition; keep the selected character and selected animal visually distinct","ambiguous action, fused subjects, impossible interaction, duplicated limbs, motion artifacts, text, watermark"
Movement — Balanced Spatial Composition 066,Movement,"the selected animal walking or running with natural weight and gait, balanced spatial composition; keep the selected character and selected animal visually distinct","ambiguous action, fused subjects, impossible interaction, duplicated limbs, motion artifacts, text, watermark"
Hunting — Balanced Spatial Composition 067,Hunting,"the selected animal stalking or pursuing prey attentively, balanced spatial composition; keep the selected character and selected animal visually distinct","ambiguous action, fused subjects, impossible interaction, duplicated limbs, motion artifacts, text, watermark"
Feeding — Balanced Spatial Composition 068,Feeding,"the selected animal feeding or drinking naturally, balanced spatial composition; keep the selected character and selected animal visually distinct","ambiguous action, fused subjects, impossible interaction, duplicated limbs, motion artifacts, text, watermark"
Resting — Balanced Spatial Composition 069,Resting,"the selected animal resting or sleeping in a relaxed pose, balanced spatial composition; keep the selected character and selected animal visually distinct","ambiguous action, fused subjects, impossible interaction, duplicated limbs, motion artifacts, text, watermark"
Playing — Balanced Spatial Composition 070,Playing,"the selected animal playing energetically, balanced spatial composition; keep the selected character and selected animal visually distinct","ambiguous action, fused subjects, impossible interaction, duplicated limbs, motion artifacts, text, watermark"
Migration — Balanced Spatial Composition 071,Migration,"a group of the selected animals migrating together, balanced spatial composition; keep the selected character and selected animal visually distinct","ambiguous action, fused subjects, impossible interaction, duplicated limbs, motion artifacts, text, watermark"
Flight — Balanced Spatial Composition 072,Flight,"the selected animal taking flight or gliding through the air, balanced spatial composition; keep the selected character and selected animal visually distinct","ambiguous action, fused subjects, impossible interaction, duplicated limbs, motion artifacts, text, watermark"
Swimming — Balanced Spatial Composition 073,Swimming,"the selected animal swimming or diving naturally, balanced spatial composition; keep the selected character and selected animal visually distinct","ambiguous action, fused subjects, impossible interaction, duplicated limbs, motion artifacts, text, watermark"
People Interaction — Balanced Spatial Composition 074,People Interaction,"the selected animal interacting cautiously with a person, balanced spatial composition; keep the selected character and selected animal visually distinct","ambiguous action, fused subjects, impossible interaction, duplicated limbs, motion artifacts, text, watermark"
Social Behaviour — Balanced Spatial Composition 075,Social Behaviour,"the selected animal communicating with its group, balanced spatial composition; keep the selected character and selected animal visually distinct","ambiguous action, fused subjects, impossible interaction, duplicated limbs, motion artifacts, text, watermark"
Courtship — Balanced Spatial Composition 076,Courtship,"the selected animal performing a natural courtship display, balanced spatial composition; keep the selected character and selected animal visually distinct","ambiguous action, fused subjects, impossible interaction, duplicated limbs, motion artifacts, text, watermark"
Parenting — Balanced Spatial Composition 077,Parenting,"the selected animal caring for its young, balanced spatial composition; keep the selected character and selected animal visually distinct","ambiguous action, fused subjects, impossible interaction, duplicated limbs, motion artifacts, text, watermark"
Territorial Display — Balanced Spatial Composition 078,Territorial Display,"the selected animal performing a territorial display, balanced spatial composition; keep the selected character and selected animal visually distinct","ambiguous action, fused subjects, impossible interaction, duplicated limbs, motion artifacts, text, watermark"
Foraging — Balanced Spatial Composition 079,Foraging,"the selected animal foraging for food, balanced spatial composition; keep the selected character and selected animal visually distinct","ambiguous action, fused subjects, impossible interaction, duplicated limbs, motion artifacts, text, watermark"
Grooming — Balanced Spatial Composition 080,Grooming,"the selected animal grooming itself or another animal, balanced spatial composition; keep the selected character and selected animal visually distinct","ambiguous action, fused subjects, impossible interaction, duplicated limbs, motion artifacts, text, watermark"
Natural Behaviour — Dynamic Low-Angle Framing 081,Natural Behaviour,"the selected animal calmly observing its surroundings, dynamic low-angle framing; keep the selected character and selected animal visually distinct","ambiguous action, fused subjects, impossible interaction, duplicated limbs, motion artifacts, text, watermark"
Movement — Dynamic Low-Angle Framing 082,Movement,"the selected animal walking or running with natural weight and gait, dynamic low-angle framing; keep the selected character and selected animal visually distinct","ambiguous action, fused subjects, impossible interaction, duplicated limbs, motion artifacts, text, watermark"
Hunting — Dynamic Low-Angle Framing 083,Hunting,"the selected animal stalking or pursuing prey attentively, dynamic low-angle framing; keep the selected character and selected animal visually distinct","ambiguous action, fused subjects, impossible interaction, duplicated limbs, motion artifacts, text, watermark"
Feeding — Dynamic Low-Angle Framing 084,Feeding,"the selected animal feeding or drinking naturally, dynamic low-angle framing; keep the selected character and selected animal visually distinct","ambiguous action, fused subjects, impossible interaction, duplicated limbs, motion artifacts, text, watermark"
Resting — Dynamic Low-Angle Framing 085,Resting,"the selected animal resting or sleeping in a relaxed pose, dynamic low-angle framing; keep the selected character and selected animal visually distinct","ambiguous action, fused subjects, impossible interaction, duplicated limbs, motion artifacts, text, watermark"
Playing — Dynamic Low-Angle Framing 086,Playing,"the selected animal playing energetically, dynamic low-angle framing; keep the selected character and selected animal visually distinct","ambiguous action, fused subjects, impossible interaction, duplicated limbs, motion artifacts, text, watermark"
Migration — Dynamic Low-Angle Framing 087,Migration,"a group of the selected animals migrating together, dynamic low-angle framing; keep the selected character and selected animal visually distinct","ambiguous action, fused subjects, impossible interaction, duplicated limbs, motion artifacts, text, watermark"
Flight — Dynamic Low-Angle Framing 088,Flight,"the selected animal taking flight or gliding through the air, dynamic low-angle framing; keep the selected character and selected animal visually distinct","ambiguous action, fused subjects, impossible interaction, duplicated limbs, motion artifacts, text, watermark"
Swimming — Dynamic Low-Angle Framing 089,Swimming,"the selected animal swimming or diving naturally, dynamic low-angle framing; keep the selected character and selected animal visually distinct","ambiguous action, fused subjects, impossible interaction, duplicated limbs, motion artifacts, text, watermark"
People Interaction — Dynamic Low-Angle Framing 090,People Interaction,"the selected animal interacting cautiously with a person, dynamic low-angle framing; keep the selected character and selected animal visually distinct","ambiguous action, fused subjects, impossible interaction, duplicated limbs, motion artifacts, text, watermark"
Social Behaviour — Dynamic Low-Angle Framing 091,Social Behaviour,"the selected animal communicating with its group, dynamic low-angle framing; keep the selected character and selected animal visually distinct","ambiguous action, fused subjects, impossible interaction, duplicated limbs, motion artifacts, text, watermark"
Courtship — Dynamic Low-Angle Framing 092,Courtship,"the selected animal performing a natural courtship display, dynamic low-angle framing; keep the selected character and selected animal visually distinct","ambiguous action, fused subjects, impossible interaction, duplicated limbs, motion artifacts, text, watermark"
Parenting — Dynamic Low-Angle Framing 093,Parenting,"the selected animal caring for its young, dynamic low-angle framing; keep the selected character and selected animal visually distinct","ambiguous action, fused subjects, impossible interaction, duplicated limbs, motion artifacts, text, watermark"
Territorial Display — Dynamic Low-Angle Framing 094,Territorial Display,"the selected animal performing a territorial display, dynamic low-angle framing; keep the selected character and selected animal visually distinct","ambiguous action, fused subjects, impossible interaction, duplicated limbs, motion artifacts, text, watermark"
Foraging — Dynamic Low-Angle Framing 095,Foraging,"the selected animal foraging for food, dynamic low-angle framing; keep the selected character and selected animal visually distinct","ambiguous action, fused subjects, impossible interaction, duplicated limbs, motion artifacts, text, watermark"
Grooming — Dynamic Low-Angle Framing 096,Grooming,"the selected animal grooming itself or another animal, dynamic low-angle framing; keep the selected character and selected animal visually distinct","ambiguous action, fused subjects, impossible interaction, duplicated limbs, motion artifacts, text, watermark"
Natural Behaviour — Precise Subject Separation 097,Natural Behaviour,"the selected animal calmly observing its surroundings, precise subject separation; keep the selected character and selected animal visually distinct","ambiguous action, fused subjects, impossible interaction, duplicated limbs, motion artifacts, text, watermark"
Movement — Precise Subject Separation 098,Movement,"the selected animal walking or running with natural weight and gait, precise subject separation; keep the selected character and selected animal visually distinct","ambiguous action, fused subjects, impossible interaction, duplicated limbs, motion artifacts, text, watermark"
Hunting — Precise Subject Separation 099,Hunting,"the selected animal stalking or pursuing prey attentively, precise subject separation; keep the selected character and selected animal visually distinct","ambiguous action, fused subjects, impossible interaction, duplicated limbs, motion artifacts, text, watermark"
Feeding — Precise Subject Separation 100,Feeding,"the selected animal feeding or drinking naturally, precise subject separation; keep the selected character and selected animal visually distinct","ambiguous action, fused subjects, impossible interaction, duplicated limbs, motion artifacts, text, watermark"
Resting — Precise Subject Separation 101,Resting,"the selected animal resting or sleeping in a relaxed pose, precise subject separation; keep the selected character and selected animal visually distinct","ambiguous action, fused subjects, impossible interaction, duplicated limbs, motion artifacts, text, watermark"
Playing — Precise Subject Separation 102,Playing,"the selected animal playing energetically, precise subject separation; keep the selected character and selected animal visually distinct","ambiguous action, fused subjects, impossible interaction, duplicated limbs, motion artifacts, text, watermark"
Migration — Precise Subject Separation 103,Migration,"a group of the selected animals migrating together, precise subject separation; keep the selected character and selected animal visually distinct","ambiguous action, fused subjects, impossible interaction, duplicated limbs, motion artifacts, text, watermark"
Flight — Precise Subject Separation 104,Flight,"the selected animal taking flight or gliding through the air, precise subject separation; keep the selected character and selected animal visually distinct","ambiguous action, fused subjects, impossible interaction, duplicated limbs, motion artifacts, text, watermark"
Swimming — Precise Subject Separation 105,Swimming,"the selected animal swimming or diving naturally, precise subject separation; keep the selected character and selected animal visually distinct","ambiguous action, fused subjects, impossible interaction, duplicated limbs, motion artifacts, text, watermark"
People Interaction — Precise Subject Separation 106,People Interaction,"the selected animal interacting cautiously with a person, precise subject separation; keep the selected character and selected animal visually distinct","ambiguous action, fused subjects, impossible interaction, duplicated limbs, motion artifacts, text, watermark"
Social Behaviour — Precise Subject Separation 107,Social Behaviour,"the selected animal communicating with its group, precise subject separation; keep the selected character and selected animal visually distinct","ambiguous action, fused subjects, impossible interaction, duplicated limbs, motion artifacts, text, watermark"
Courtship — Precise Subject Separation 108,Courtship,"the selected animal performing a natural courtship display, precise subject separation; keep the selected character and selected animal visually distinct","ambiguous action, fused subjects, impossible interaction, duplicated limbs, motion artifacts, text, watermark"
Parenting — Precise Subject Separation 109,Parenting,"the selected animal caring for its young, precise subject separation; keep the selected character and selected animal visually distinct","ambiguous action, fused subjects, impossible interaction, duplicated limbs, motion artifacts, text, watermark"
Territorial Display — Precise Subject Separation 110,Territorial Display,"the selected animal performing a territorial display, precise subject separation; keep the selected character and selected animal visually distinct","ambiguous action, fused subjects, impossible interaction, duplicated limbs, motion artifacts, text, watermark"
Foraging — Precise Subject Separation 111,Foraging,"the selected animal foraging for food, precise subject separation; keep the selected character and selected animal visually distinct","ambiguous action, fused subjects, impossible interaction, duplicated limbs, motion artifacts, text, watermark"
Grooming — Precise Subject Separation 112,Grooming,"the selected animal grooming itself or another animal, precise subject separation; keep the selected character and selected animal visually distinct","ambiguous action, fused subjects, impossible interaction, duplicated limbs, motion artifacts, text, watermark"
Natural Behaviour — Strong Visual Storytelling 113,Natural Behaviour,"the selected animal calmly observing its surroundings, strong visual storytelling; keep the selected character and selected animal visually distinct","ambiguous action, fused subjects, impossible interaction, duplicated limbs, motion artifacts, text, watermark"
Movement — Strong Visual Storytelling 114,Movement,"the selected animal walking or running with natural weight and gait, strong visual storytelling; keep the selected character and selected animal visually distinct","ambiguous action, fused subjects, impossible interaction, duplicated limbs, motion artifacts, text, watermark"
Hunting — Strong Visual Storytelling 115,Hunting,"the selected animal stalking or pursuing prey attentively, strong visual storytelling; keep the selected character and selected animal visually distinct","ambiguous action, fused subjects, impossible interaction, duplicated limbs, motion artifacts, text, watermark"
Feeding — Strong Visual Storytelling 116,Feeding,"the selected animal feeding or drinking naturally, strong visual storytelling; keep the selected character and selected animal visually distinct","ambiguous action, fused subjects, impossible interaction, duplicated limbs, motion artifacts, text, watermark"
Resting — Strong Visual Storytelling 117,Resting,"the selected animal resting or sleeping in a relaxed pose, strong visual storytelling; keep the selected character and selected animal visually distinct","ambiguous action, fused subjects, impossible interaction, duplicated limbs, motion artifacts, text, watermark"
Playing — Strong Visual Storytelling 118,Playing,"the selected animal playing energetically, strong visual storytelling; keep the selected character and selected animal visually distinct","ambiguous action, fused subjects, impossible interaction, duplicated limbs, motion artifacts, text, watermark"
Migration — Strong Visual Storytelling 119,Migration,"a group of the selected animals migrating together, strong visual storytelling; keep the selected character and selected animal visually distinct","ambiguous action, fused subjects, impossible interaction, duplicated limbs, motion artifacts, text, watermark"
Flight — Strong Visual Storytelling 120,Flight,"the selected animal taking flight or gliding through the air, strong visual storytelling; keep the selected character and selected animal visually distinct","ambiguous action, fused subjects, impossible interaction, duplicated limbs, motion artifacts, text, watermark"
Swimming — Strong Visual Storytelling 121,Swimming,"the selected animal swimming or diving naturally, strong visual storytelling; keep the selected character and selected animal visually distinct","ambiguous action, fused subjects, impossible interaction, duplicated limbs, motion artifacts, text, watermark"
People Interaction — Strong Visual Storytelling 122,People Interaction,"the selected animal interacting cautiously with a person, strong visual storytelling; keep the selected character and selected animal visually distinct","ambiguous action, fused subjects, impossible interaction, duplicated limbs, motion artifacts, text, watermark"
Social Behaviour — Strong Visual Storytelling 123,Social Behaviour,"the selected animal communicating with its group, strong visual storytelling; keep the selected character and selected animal visually distinct","ambiguous action, fused subjects, impossible interaction, duplicated limbs, motion artifacts, text, watermark"
Courtship — Strong Visual Storytelling 124,Courtship,"the selected animal performing a natural courtship display, strong visual storytelling; keep the selected character and selected animal visually distinct","ambiguous action, fused subjects, impossible interaction, duplicated limbs, motion artifacts, text, watermark"
Parenting — Strong Visual Storytelling 125,Parenting,"the selected animal caring for its young, strong visual storytelling; keep the selected character and selected animal visually distinct","ambiguous action, fused subjects, impossible interaction, duplicated limbs, motion artifacts, text, watermark"
Territorial Display — Strong Visual Storytelling 126,Territorial Display,"the selected animal performing a territorial display, strong visual storytelling; keep the selected character and selected animal visually distinct","ambiguous action, fused subjects, impossible interaction, duplicated limbs, motion artifacts, text, watermark"
Foraging — Strong Visual Storytelling 127,Foraging,"the selected animal foraging for food, strong visual storytelling; keep the selected character and selected animal visually distinct","ambiguous action, fused subjects, impossible interaction, duplicated limbs, motion artifacts, text, watermark"
Grooming — Strong Visual Storytelling 128,Grooming,"the selected animal grooming itself or another animal, strong visual storytelling; keep the selected character and selected animal visually distinct","ambiguous action, fused subjects, impossible interaction, duplicated limbs, motion artifacts, text, watermark"
Natural Behaviour — Coherent Physical Movement 129,Natural Behaviour,"the selected animal calmly observing its surroundings, coherent physical movement; keep the selected character and selected animal visually distinct","ambiguous action, fused subjects, impossible interaction, duplicated limbs, motion artifacts, text, watermark"
Movement — Coherent Physical Movement 130,Movement,"the selected animal walking or running with natural weight and gait, coherent physical movement; keep the selected character and selected animal visually distinct","ambiguous action, fused subjects, impossible interaction, duplicated limbs, motion artifacts, text, watermark"
Hunting — Coherent Physical Movement 131,Hunting,"the selected animal stalking or pursuing prey attentively, coherent physical movement; keep the selected character and selected animal visually distinct","ambiguous action, fused subjects, impossible interaction, duplicated limbs, motion artifacts, text, watermark"
Feeding — Coherent Physical Movement 132,Feeding,"the selected animal feeding or drinking naturally, coherent physical movement; keep the selected character and selected animal visually distinct","ambiguous action, fused subjects, impossible interaction, duplicated limbs, motion artifacts, text, watermark"
Resting — Coherent Physical Movement 133,Resting,"the selected animal resting or sleeping in a relaxed pose, coherent physical movement; keep the selected character and selected animal visually distinct","ambiguous action, fused subjects, impossible interaction, duplicated limbs, motion artifacts, text, watermark"
Playing — Coherent Physical Movement 134,Playing,"the selected animal playing energetically, coherent physical movement; keep the selected character and selected animal visually distinct","ambiguous action, fused subjects, impossible interaction, duplicated limbs, motion artifacts, text, watermark"
Migration — Coherent Physical Movement 135,Migration,"a group of the selected animals migrating together, coherent physical movement; keep the selected character and selected animal visually distinct","ambiguous action, fused subjects, impossible interaction, duplicated limbs, motion artifacts, text, watermark"
Flight — Coherent Physical Movement 136,Flight,"the selected animal taking flight or gliding through the air, coherent physical movement; keep the selected character and selected animal visually distinct","ambiguous action, fused subjects, impossible interaction, duplicated limbs, motion artifacts, text, watermark"
Swimming — Coherent Physical Movement 137,Swimming,"the selected animal swimming or diving naturally, coherent physical movement; keep the selected character and selected animal visually distinct","ambiguous action, fused subjects, impossible interaction, duplicated limbs, motion artifacts, text, watermark"
People Interaction — Coherent Physical Movement 138,People Interaction,"the selected animal interacting cautiously with a person, coherent physical movement; keep the selected character and selected animal visually distinct","ambiguous action, fused subjects, impossible interaction, duplicated limbs, motion artifacts, text, watermark"
Social Behaviour — Coherent Physical Movement 139,Social Behaviour,"the selected animal communicating with its group, coherent physical movement; keep the selected character and selected animal visually distinct","ambiguous action, fused subjects, impossible interaction, duplicated limbs, motion artifacts, text, watermark"
Courtship — Coherent Physical Movement 140,Courtship,"the selected animal performing a natural courtship display, coherent physical movement; keep the selected character and selected animal visually distinct","ambiguous action, fused subjects, impossible interaction, duplicated limbs, motion artifacts, text, watermark"
Parenting — Coherent Physical Movement 141,Parenting,"the selected animal caring for its young, coherent physical movement; keep the selected character and selected animal visually distinct","ambiguous action, fused subjects, impossible interaction, duplicated limbs, motion artifacts, text, watermark"
Territorial Display — Coherent Physical Movement 142,Territorial Display,"the selected animal performing a territorial display, coherent physical movement; keep the selected character and selected animal visually distinct","ambiguous action, fused subjects, impossible interaction, duplicated limbs, motion artifacts, text, watermark"
Foraging — Coherent Physical Movement 143,Foraging,"the selected animal foraging for food, coherent physical movement; keep the selected character and selected animal visually distinct","ambiguous action, fused subjects, impossible interaction, duplicated limbs, motion artifacts, text, watermark"
Grooming — Coherent Physical Movement 144,Grooming,"the selected animal grooming itself or another animal, coherent physical movement; keep the selected character and selected animal visually distinct","ambiguous action, fused subjects, impossible interaction, duplicated limbs, motion artifacts, text, watermark"
Natural Behaviour — Quiet Documentary Framing 145,Natural Behaviour,"the selected animal calmly observing its surroundings, quiet documentary framing; keep the selected character and selected animal visually distinct","ambiguous action, fused subjects, impossible interaction, duplicated limbs, motion artifacts, text, watermark"
Movement — Quiet Documentary Framing 146,Movement,"the selected animal walking or running with natural weight and gait, quiet documentary framing; keep the selected character and selected animal visually distinct","ambiguous action, fused subjects, impossible interaction, duplicated limbs, motion artifacts, text, watermark"
Hunting — Quiet Documentary Framing 147,Hunting,"the selected animal stalking or pursuing prey attentively, quiet documentary framing; keep the selected character and selected animal visually distinct","ambiguous action, fused subjects, impossible interaction, duplicated limbs, motion artifacts, text, watermark"
Feeding — Quiet Documentary Framing 148,Feeding,"the selected animal feeding or drinking naturally, quiet documentary framing; keep the selected character and selected animal visually distinct","ambiguous action, fused subjects, impossible interaction, duplicated limbs, motion artifacts, text, watermark"
Resting — Quiet Documentary Framing 149,Resting,"the selected animal resting or sleeping in a relaxed pose, quiet documentary framing; keep the selected character and selected animal visually distinct","ambiguous action, fused subjects, impossible interaction, duplicated limbs, motion artifacts, text, watermark"
Playing — Quiet Documentary Framing 150,Playing,"the selected animal playing energetically, quiet documentary framing; keep the selected character and selected animal visually distinct","ambiguous action, fused subjects, impossible interaction, duplicated limbs, motion artifacts, text, watermark"
Migration — Quiet Documentary Framing 151,Migration,"a group of the selected animals migrating together, quiet documentary framing; keep the selected character and selected animal visually distinct","ambiguous action, fused subjects, impossible interaction, duplicated limbs, motion artifacts, text, watermark"
Flight — Quiet Documentary Framing 152,Flight,"the selected animal taking flight or gliding through the air, quiet documentary framing; keep the selected character and selected animal visually distinct","ambiguous action, fused subjects, impossible interaction, duplicated limbs, motion artifacts, text, watermark"
Swimming — Quiet Documentary Framing 153,Swimming,"the selected animal swimming or diving naturally, quiet documentary framing; keep the selected character and selected animal visually distinct","ambiguous action, fused subjects, impossible interaction, duplicated limbs, motion artifacts, text, watermark"
People Interaction — Quiet Documentary Framing 154,People Interaction,"the selected animal interacting cautiously with a person, quiet documentary framing; keep the selected character and selected animal visually distinct","ambiguous action, fused subjects, impossible interaction, duplicated limbs, motion artifacts, text, watermark"
Social Behaviour — Quiet Documentary Framing 155,Social Behaviour,"the selected animal communicating with its group, quiet documentary framing; keep the selected character and selected animal visually distinct","ambiguous action, fused subjects, impossible interaction, duplicated limbs, motion artifacts, text, watermark"
Courtship — Quiet Documentary Framing 156,Courtship,"the selected animal performing a natural courtship display, quiet documentary framing; keep the selected character and selected animal visually distinct","ambiguous action, fused subjects, impossible interaction, duplicated limbs, motion artifacts, text, watermark"
Parenting — Quiet Documentary Framing 157,Parenting,"the selected animal caring for its young, quiet documentary framing; keep the selected character and selected animal visually distinct","ambiguous action, fused subjects, impossible interaction, duplicated limbs, motion artifacts, text, watermark"
Territorial Display — Quiet Documentary Framing 158,Territorial Display,"the selected animal performing a territorial display, quiet documentary framing; keep the selected character and selected animal visually distinct","ambiguous action, fused subjects, impossible interaction, duplicated limbs, motion artifacts, text, watermark"
Foraging — Quiet Documentary Framing 159,Foraging,"the selected animal foraging for food, quiet documentary framing; keep the selected character and selected animal visually distinct","ambiguous action, fused subjects, impossible interaction, duplicated limbs, motion artifacts, text, watermark"
Grooming — Quiet Documentary Framing 160,Grooming,"the selected animal grooming itself or another animal, quiet documentary framing; keep the selected character and selected animal visually distinct","ambiguous action, fused subjects, impossible interaction, duplicated limbs, motion artifacts, text, watermark"
Natural Behaviour — Energetic Three-Quarter View 161,Natural Behaviour,"the selected animal calmly observing its surroundings, energetic three-quarter view; keep the selected character and selected animal visually distinct","ambiguous action, fused subjects, impossible interaction, duplicated limbs, motion artifacts, text, watermark"
Movement — Energetic Three-Quarter View 162,Movement,"the selected animal walking or running with natural weight and gait, energetic three-quarter view; keep the selected character and selected animal visually distinct","ambiguous action, fused subjects, impossible interaction, duplicated limbs, motion artifacts, text, watermark"
Hunting — Energetic Three-Quarter View 163,Hunting,"the selected animal stalking or pursuing prey attentively, energetic three-quarter view; keep the selected character and selected animal visually distinct","ambiguous action, fused subjects, impossible interaction, duplicated limbs, motion artifacts, text, watermark"
Feeding — Energetic Three-Quarter View 164,Feeding,"the selected animal feeding or drinking naturally, energetic three-quarter view; keep the selected character and selected animal visually distinct","ambiguous action, fused subjects, impossible interaction, duplicated limbs, motion artifacts, text, watermark"
Resting — Energetic Three-Quarter View 165,Resting,"the selected animal resting or sleeping in a relaxed pose, energetic three-quarter view; keep the selected character and selected animal visually distinct","ambiguous action, fused subjects, impossible interaction, duplicated limbs, motion artifacts, text, watermark"
Playing — Energetic Three-Quarter View 166,Playing,"the selected animal playing energetically, energetic three-quarter view; keep the selected character and selected animal visually distinct","ambiguous action, fused subjects, impossible interaction, duplicated limbs, motion artifacts, text, watermark"
Migration — Energetic Three-Quarter View 167,Migration,"a group of the selected animals migrating together, energetic three-quarter view; keep the selected character and selected animal visually distinct","ambiguous action, fused subjects, impossible interaction, duplicated limbs, motion artifacts, text, watermark"
Flight — Energetic Three-Quarter View 168,Flight,"the selected animal taking flight or gliding through the air, energetic three-quarter view; keep the selected character and selected animal visually distinct","ambiguous action, fused subjects, impossible interaction, duplicated limbs, motion artifacts, text, watermark"
Swimming — Energetic Three-Quarter View 169,Swimming,"the selected animal swimming or diving naturally, energetic three-quarter view; keep the selected character and selected animal visually distinct","ambiguous action, fused subjects, impossible interaction, duplicated limbs, motion artifacts, text, watermark"
People Interaction — Energetic Three-Quarter View 170,People Interaction,"the selected animal interacting cautiously with a person, energetic three-quarter view; keep the selected character and selected animal visually distinct","ambiguous action, fused subjects, impossible interaction, duplicated limbs, motion artifacts, text, watermark"
Social Behaviour — Energetic Three-Quarter View 171,Social Behaviour,"the selected animal communicating with its group, energetic three-quarter view; keep the selected character and selected animal visually distinct","ambiguous action, fused subjects, impossible interaction, duplicated limbs, motion artifacts, text, watermark"
Courtship — Energetic Three-Quarter View 172,Courtship,"the selected animal performing a natural courtship display, energetic three-quarter view; keep the selected character and selected animal visually distinct","ambiguous action, fused subjects, impossible interaction, duplicated limbs, motion artifacts, text, watermark"
Parenting — Energetic Three-Quarter View 173,Parenting,"the selected animal caring for its young, energetic three-quarter view; keep the selected character and selected animal visually distinct","ambiguous action, fused subjects, impossible interaction, duplicated limbs, motion artifacts, text, watermark"
Territorial Display — Energetic Three-Quarter View 174,Territorial Display,"the selected animal performing a territorial display, energetic three-quarter view; keep the selected character and selected animal visually distinct","ambiguous action, fused subjects, impossible interaction, duplicated limbs, motion artifacts, text, watermark"
Foraging — Energetic Three-Quarter View 175,Foraging,"the selected animal foraging for food, energetic three-quarter view; keep the selected character and selected animal visually distinct","ambiguous action, fused subjects, impossible interaction, duplicated limbs, motion artifacts, text, watermark"
Grooming — Energetic Three-Quarter View 176,Grooming,"the selected animal grooming itself or another animal, energetic three-quarter view; keep the selected character and selected animal visually distinct","ambiguous action, fused subjects, impossible interaction, duplicated limbs, motion artifacts, text, watermark"
Natural Behaviour — Careful Environmental Interaction 177,Natural Behaviour,"the selected animal calmly observing its surroundings, careful environmental interaction; keep the selected character and selected animal visually distinct","ambiguous action, fused subjects, impossible interaction, duplicated limbs, motion artifacts, text, watermark"
Movement — Careful Environmental Interaction 178,Movement,"the selected animal walking or running with natural weight and gait, careful environmental interaction; keep the selected character and selected animal visually distinct","ambiguous action, fused subjects, impossible interaction, duplicated limbs, motion artifacts, text, watermark"
Hunting — Careful Environmental Interaction 179,Hunting,"the selected animal stalking or pursuing prey attentively, careful environmental interaction; keep the selected character and selected animal visually distinct","ambiguous action, fused subjects, impossible interaction, duplicated limbs, motion artifacts, text, watermark"
Feeding — Careful Environmental Interaction 180,Feeding,"the selected animal feeding or drinking naturally, careful environmental interaction; keep the selected character and selected animal visually distinct","ambiguous action, fused subjects, impossible interaction, duplicated limbs, motion artifacts, text, watermark"
Resting — Careful Environmental Interaction 181,Resting,"the selected animal resting or sleeping in a relaxed pose, careful environmental interaction; keep the selected character and selected animal visually distinct","ambiguous action, fused subjects, impossible interaction, duplicated limbs, motion artifacts, text, watermark"
Playing — Careful Environmental Interaction 182,Playing,"the selected animal playing energetically, careful environmental interaction; keep the selected character and selected animal visually distinct","ambiguous action, fused subjects, impossible interaction, duplicated limbs, motion artifacts, text, watermark"
Migration — Careful Environmental Interaction 183,Migration,"a group of the selected animals migrating together, careful environmental interaction; keep the selected character and selected animal visually distinct","ambiguous action, fused subjects, impossible interaction, duplicated limbs, motion artifacts, text, watermark"
Flight — Careful Environmental Interaction 184,Flight,"the selected animal taking flight or gliding through the air, careful environmental interaction; keep the selected character and selected animal visually distinct","ambiguous action, fused subjects, impossible interaction, duplicated limbs, motion artifacts, text, watermark"
Swimming — Careful Environmental Interaction 185,Swimming,"the selected animal swimming or diving naturally, careful environmental interaction; keep the selected character and selected animal visually distinct","ambiguous action, fused subjects, impossible interaction, duplicated limbs, motion artifacts, text, watermark"
People Interaction — Careful Environmental Interaction 186,People Interaction,"the selected animal interacting cautiously with a person, careful environmental interaction; keep the selected character and selected animal visually distinct","ambiguous action, fused subjects, impossible interaction, duplicated limbs, motion artifacts, text, watermark"
Social Behaviour — Careful Environmental Interaction 187,Social Behaviour,"the selected animal communicating with its group, careful environmental interaction; keep the selected character and selected animal visually distinct","ambiguous action, fused subjects, impossible interaction, duplicated limbs, motion artifacts, text, watermark"
Courtship — Careful Environmental Interaction 188,Courtship,"the selected animal performing a natural courtship display, careful environmental interaction; keep the selected character and selected animal visually distinct","ambiguous action, fused subjects, impossible interaction, duplicated limbs, motion artifacts, text, watermark"
Parenting — Careful Environmental Interaction 189,Parenting,"the selected animal caring for its young, careful environmental interaction; keep the selected character and selected animal visually distinct","ambiguous action, fused subjects, impossible interaction, duplicated limbs, motion artifacts, text, watermark"
Territorial Display — Careful Environmental Interaction 190,Territorial Display,"the selected animal performing a territorial display, careful environmental interaction; keep the selected character and selected animal visually distinct","ambiguous action, fused subjects, impossible interaction, duplicated limbs, motion artifacts, text, watermark"
Foraging — Careful Environmental Interaction 191,Foraging,"the selected animal foraging for food, careful environmental interaction; keep the selected character and selected animal visually distinct","ambiguous action, fused subjects, impossible interaction, duplicated limbs, motion artifacts, text, watermark"
Grooming — Careful Environmental Interaction 192,Grooming,"the selected animal grooming itself or another animal, careful environmental interaction; keep the selected character and selected animal visually distinct","ambiguous action, fused subjects, impossible interaction, duplicated limbs, motion artifacts, text, watermark"
Natural Behaviour — Expressive Moment-To-Moment Detail 193,Natural Behaviour,"the selected animal calmly observing its surroundings, expressive moment-to-moment detail; keep the selected character and selected animal visually distinct","ambiguous action, fused subjects, impossible interaction, duplicated limbs, motion artifacts, text, watermark"
Movement — Expressive Moment-To-Moment Detail 194,Movement,"the selected animal walking or running with natural weight and gait, expressive moment-to-moment detail; keep the selected character and selected animal visually distinct","ambiguous action, fused subjects, impossible interaction, duplicated limbs, motion artifacts, text, watermark"
Hunting — Expressive Moment-To-Moment Detail 195,Hunting,"the selected animal stalking or pursuing prey attentively, expressive moment-to-moment detail; keep the selected character and selected animal visually distinct","ambiguous action, fused subjects, impossible interaction, duplicated limbs, motion artifacts, text, watermark"
Feeding — Expressive Moment-To-Moment Detail 196,Feeding,"the selected animal feeding or drinking naturally, expressive moment-to-moment detail; keep the selected character and selected animal visually distinct","ambiguous action, fused subjects, impossible interaction, duplicated limbs, motion artifacts, text, watermark"
Resting — Expressive Moment-To-Moment Detail 197,Resting,"the selected animal resting or sleeping in a relaxed pose, expressive moment-to-moment detail; keep the selected character and selected animal visually distinct","ambiguous action, fused subjects, impossible interaction, duplicated limbs, motion artifacts, text, watermark"
Playing — Expressive Moment-To-Moment Detail 198,Playing,"the selected animal playing energetically, expressive moment-to-moment detail; keep the selected character and selected animal visually distinct","ambiguous action, fused subjects, impossible interaction, duplicated limbs, motion artifacts, text, watermark"
Migration — Expressive Moment-To-Moment Detail 199,Migration,"a group of the selected animals migrating together, expressive moment-to-moment detail; keep the selected character and selected animal visually distinct","ambiguous action, fused subjects, impossible interaction, duplicated limbs, motion artifacts, text, watermark"
Flight — Expressive Moment-To-Moment Detail 200,Flight,"the selected animal taking flight or gliding through the air, expressive moment-to-moment detail; keep the selected character and selected animal visually distinct","ambiguous action, fused subjects, impossible interaction, duplicated limbs, motion artifacts, text, watermark"
Swimming — Expressive Moment-To-Moment Detail 201,Swimming,"the selected animal swimming or diving naturally, expressive moment-to-moment detail; keep the selected character and selected animal visually distinct","ambiguous action, fused subjects, impossible interaction, duplicated limbs, motion artifacts, text, watermark"
People Interaction — Expressive Moment-To-Moment Detail 202,People Interaction,"the selected animal interacting cautiously with a person, expressive moment-to-moment detail; keep the selected character and selected animal visually distinct","ambiguous action, fused subjects, impossible interaction, duplicated limbs, motion artifacts, text, watermark"
Social Behaviour — Expressive Moment-To-Moment Detail 203,Social Behaviour,"the selected animal communicating with its group, expressive moment-to-moment detail; keep the selected character and selected animal visually distinct","ambiguous action, fused subjects, impossible interaction, duplicated limbs, motion artifacts, text, watermark"
Courtship — Expressive Moment-To-Moment Detail 204,Courtship,"the selected animal performing a natural courtship display, expressive moment-to-moment detail; keep the selected character and selected animal visually distinct","ambiguous action, fused subjects, impossible interaction, duplicated limbs, motion artifacts, text, watermark"
Parenting — Expressive Moment-To-Moment Detail 205,Parenting,"the selected animal caring for its young, expressive moment-to-moment detail; keep the selected character and selected animal visually distinct","ambiguous action, fused subjects, impossible interaction, duplicated limbs, motion artifacts, text, watermark"
Territorial Display — Expressive Moment-To-Moment Detail 206,Territorial Display,"the selected animal performing a territorial display, expressive moment-to-moment detail; keep the selected character and selected animal visually distinct","ambiguous action, fused subjects, impossible interaction, duplicated limbs, motion artifacts, text, watermark"
Foraging — Expressive Moment-To-Moment Detail 207,Foraging,"the selected animal foraging for food, expressive moment-to-moment detail; keep the selected character and selected animal visually distinct","ambiguous action, fused subjects, impossible interaction, duplicated limbs, motion artifacts, text, watermark"
Grooming — Expressive Moment-To-Moment Detail 208,Grooming,"the selected animal grooming itself or another animal, expressive moment-to-moment detail; keep the selected character and selected animal visually distinct","ambiguous action, fused subjects, impossible interaction, duplicated limbs, motion artifacts, text, watermark"
Natural Behaviour — Clean Side-Profile Staging 209,Natural Behaviour,"the selected animal calmly observing its surroundings, clean side-profile staging; keep the selected character and selected animal visually distinct","ambiguous action, fused subjects, impossible interaction, duplicated limbs, motion artifacts, text, watermark"
Movement — Clean Side-Profile Staging 210,Movement,"the selected animal walking or running with natural weight and gait, clean side-profile staging; keep the selected character and selected animal visually distinct","ambiguous action, fused subjects, impossible interaction, duplicated limbs, motion artifacts, text, watermark"
Hunting — Clean Side-Profile Staging 211,Hunting,"the selected animal stalking or pursuing prey attentively, clean side-profile staging; keep the selected character and selected animal visually distinct","ambiguous action, fused subjects, impossible interaction, duplicated limbs, motion artifacts, text, watermark"
Feeding — Clean Side-Profile Staging 212,Feeding,"the selected animal feeding or drinking naturally, clean side-profile staging; keep the selected character and selected animal visually distinct","ambiguous action, fused subjects, impossible interaction, duplicated limbs, motion artifacts, text, watermark"
Resting — Clean Side-Profile Staging 213,Resting,"the selected animal resting or sleeping in a relaxed pose, clean side-profile staging; keep the selected character and selected animal visually distinct","ambiguous action, fused subjects, impossible interaction, duplicated limbs, motion artifacts, text, watermark"
Playing — Clean Side-Profile Staging 214,Playing,"the selected animal playing energetically, clean side-profile staging; keep the selected character and selected animal visually distinct","ambiguous action, fused subjects, impossible interaction, duplicated limbs, motion artifacts, text, watermark"
Migration — Clean Side-Profile Staging 215,Migration,"a group of the selected animals migrating together, clean side-profile staging; keep the selected character and selected animal visually distinct","ambiguous action, fused subjects, impossible interaction, duplicated limbs, motion artifacts, text, watermark"
Flight — Clean Side-Profile Staging 216,Flight,"the selected animal taking flight or gliding through the air, clean side-profile staging; keep the selected character and selected animal visually distinct","ambiguous action, fused subjects, impossible interaction, duplicated limbs, motion artifacts, text, watermark"
Swimming — Clean Side-Profile Staging 217,Swimming,"the selected animal swimming or diving naturally, clean side-profile staging; keep the selected character and selected animal visually distinct","ambiguous action, fused subjects, impossible interaction, duplicated limbs, motion artifacts, text, watermark"
People Interaction — Clean Side-Profile Staging 218,People Interaction,"the selected animal interacting cautiously with a person, clean side-profile staging; keep the selected character and selected animal visually distinct","ambiguous action, fused subjects, impossible interaction, duplicated limbs, motion artifacts, text, watermark"
Social Behaviour — Clean Side-Profile Staging 219,Social Behaviour,"the selected animal communicating with its group, clean side-profile staging; keep the selected character and selected animal visually distinct","ambiguous action, fused subjects, impossible interaction, duplicated limbs, motion artifacts, text, watermark"
Courtship — Clean Side-Profile Staging 220,Courtship,"the selected animal performing a natural courtship display, clean side-profile staging; keep the selected character and selected animal visually distinct","ambiguous action, fused subjects, impossible interaction, duplicated limbs, motion artifacts, text, watermark"
Parenting — Clean Side-Profile Staging 221,Parenting,"the selected animal caring for its young, clean side-profile staging; keep the selected character and selected animal visually distinct","ambiguous action, fused subjects, impossible interaction, duplicated limbs, motion artifacts, text, watermark"
Territorial Display — Clean Side-Profile Staging 222,Territorial Display,"the selected animal performing a territorial display, clean side-profile staging; keep the selected character and selected animal visually distinct","ambiguous action, fused subjects, impossible interaction, duplicated limbs, motion artifacts, text, watermark"
Foraging — Clean Side-Profile Staging 223,Foraging,"the selected animal foraging for food, clean side-profile staging; keep the selected character and selected animal visually distinct","ambiguous action, fused subjects, impossible interaction, duplicated limbs, motion artifacts, text, watermark"
Grooming — Clean Side-Profile Staging 224,Grooming,"the selected animal grooming itself or another animal, clean side-profile staging; keep the selected character and selected animal visually distinct","ambiguous action, fused subjects, impossible interaction, duplicated limbs, motion artifacts, text, watermark"
Natural Behaviour — Layered Foreground And Background Depth 225,Natural Behaviour,"the selected animal calmly observing its surroundings, layered foreground and background depth; keep the selected character and selected animal visually distinct","ambiguous action, fused subjects, impossible interaction, duplicated limbs, motion artifacts, text, watermark"
Movement — Layered Foreground And Background Depth 226,Movement,"the selected animal walking or running with natural weight and gait, layered foreground and background depth; keep the selected character and selected animal visually distinct","ambiguous action, fused subjects, impossible interaction, duplicated limbs, motion artifacts, text, watermark"
Hunting — Layered Foreground And Background Depth 227,Hunting,"the selected animal stalking or pursuing prey attentively, layered foreground and background depth; keep the selected character and selected animal visually distinct","ambiguous action, fused subjects, impossible interaction, duplicated limbs, motion artifacts, text, watermark"
Feeding — Layered Foreground And Background Depth 228,Feeding,"the selected animal feeding or drinking naturally, layered foreground and background depth; keep the selected character and selected animal visually distinct","ambiguous action, fused subjects, impossible interaction, duplicated limbs, motion artifacts, text, watermark"
Resting — Layered Foreground And Background Depth 229,Resting,"the selected animal resting or sleeping in a relaxed pose, layered foreground and background depth; keep the selected character and selected animal visually distinct","ambiguous action, fused subjects, impossible interaction, duplicated limbs, motion artifacts, text, watermark"
Playing — Layered Foreground And Background Depth 230,Playing,"the selected animal playing energetically, layered foreground and background depth; keep the selected character and selected animal visually distinct","ambiguous action, fused subjects, impossible interaction, duplicated limbs, motion artifacts, text, watermark"
Migration — Layered Foreground And Background Depth 231,Migration,"a group of the selected animals migrating together, layered foreground and background depth; keep the selected character and selected animal visually distinct","ambiguous action, fused subjects, impossible interaction, duplicated limbs, motion artifacts, text, watermark"
Flight — Layered Foreground And Background Depth 232,Flight,"the selected animal taking flight or gliding through the air, layered foreground and background depth; keep the selected character and selected animal visually distinct","ambiguous action, fused subjects, impossible interaction, duplicated limbs, motion artifacts, text, watermark"
Swimming — Layered Foreground And Background Depth 233,Swimming,"the selected animal swimming or diving naturally, layered foreground and background depth; keep the selected character and selected animal visually distinct","ambiguous action, fused subjects, impossible interaction, duplicated limbs, motion artifacts, text, watermark"
People Interaction — Layered Foreground And Background Depth 234,People Interaction,"the selected animal interacting cautiously with a person, layered foreground and background depth; keep the selected character and selected animal visually distinct","ambiguous action, fused subjects, impossible interaction, duplicated limbs, motion artifacts, text, watermark"
Social Behaviour — Layered Foreground And Background Depth 235,Social Behaviour,"the selected animal communicating with its group, layered foreground and background depth; keep the selected character and selected animal visually distinct","ambiguous action, fused subjects, impossible interaction, duplicated limbs, motion artifacts, text, watermark"
Courtship — Layered Foreground And Background Depth 236,Courtship,"the selected animal performing a natural courtship display, layered foreground and background depth; keep the selected character and selected animal visually distinct","ambiguous action, fused subjects, impossible interaction, duplicated limbs, motion artifacts, text, watermark"
Parenting — Layered Foreground And Background Depth 237,Parenting,"the selected animal caring for its young, layered foreground and background depth; keep the selected character and selected animal visually distinct","ambiguous action, fused subjects, impossible interaction, duplicated limbs, motion artifacts, text, watermark"
Territorial Display — Layered Foreground And Background Depth 238,Territorial Display,"the selected animal performing a territorial display, layered foreground and background depth; keep the selected character and selected animal visually distinct","ambiguous action, fused subjects, impossible interaction, duplicated limbs, motion artifacts, text, watermark"
Foraging — Layered Foreground And Background Depth 239,Foraging,"the selected animal foraging for food, layered foreground and background depth; keep the selected character and selected animal visually distinct","ambiguous action, fused subjects, impossible interaction, duplicated limbs, motion artifacts, text, watermark"
Grooming — Layered Foreground And Background Depth 240,Grooming,"the selected animal grooming itself or another animal, layered foreground and background depth; keep the selected character and selected animal visually distinct","ambiguous action, fused subjects, impossible interaction, duplicated limbs, motion artifacts, text, watermark"
Natural Behaviour — Restrained Dramatic Emphasis 241,Natural Behaviour,"the selected animal calmly observing its surroundings, restrained dramatic emphasis; keep the selected character and selected animal visually distinct","ambiguous action, fused subjects, impossible interaction, duplicated limbs, motion artifacts, text, watermark"
Movement — Restrained Dramatic Emphasis 242,Movement,"the selected animal walking or running with natural weight and gait, restrained dramatic emphasis; keep the selected character and selected animal visually distinct","ambiguous action, fused subjects, impossible interaction, duplicated limbs, motion artifacts, text, watermark"
Hunting — Restrained Dramatic Emphasis 243,Hunting,"the selected animal stalking or pursuing prey attentively, restrained dramatic emphasis; keep the selected character and selected animal visually distinct","ambiguous action, fused subjects, impossible interaction, duplicated limbs, motion artifacts, text, watermark"
Feeding — Restrained Dramatic Emphasis 244,Feeding,"the selected animal feeding or drinking naturally, restrained dramatic emphasis; keep the selected character and selected animal visually distinct","ambiguous action, fused subjects, impossible interaction, duplicated limbs, motion artifacts, text, watermark"
Resting — Restrained Dramatic Emphasis 245,Resting,"the selected animal resting or sleeping in a relaxed pose, restrained dramatic emphasis; keep the selected character and selected animal visually distinct","ambiguous action, fused subjects, impossible interaction, duplicated limbs, motion artifacts, text, watermark"
Playing — Restrained Dramatic Emphasis 246,Playing,"the selected animal playing energetically, restrained dramatic emphasis; keep the selected character and selected animal visually distinct","ambiguous action, fused subjects, impossible interaction, duplicated limbs, motion artifacts, text, watermark"
Migration — Restrained Dramatic Emphasis 247,Migration,"a group of the selected animals migrating together, restrained dramatic emphasis; keep the selected character and selected animal visually distinct","ambiguous action, fused subjects, impossible interaction, duplicated limbs, motion artifacts, text, watermark"
Flight — Restrained Dramatic Emphasis 248,Flight,"the selected animal taking flight or gliding through the air, restrained dramatic emphasis; keep the selected character and selected animal visually distinct","ambiguous action, fused subjects, impossible interaction, duplicated limbs, motion artifacts, text, watermark"
